ID_Persona,Nombre,FechaNacimiento,Email,Genero,Ciudad,Pais
1,Taite Maykin,1998-06-16,tmaykin0@list-manage.com,Male,Brooklyn,United States
2,Wylma Phizakarley,1998-01-23,wphizakarley1@jalbum.net,Female,Denver,United States
3,Lory Pales,2000-05-30,lpales2@pagesperso-orange.fr,Female,Seattle,United States
4,Allie Welbrock,1996-04-20,awelbrock3@mayoclinic.com,Male,Corpus Christi,United States
5,Frederique Ramirez,1999-04-02,framirez4@seattletimes.com,Female,Denver,United States
6,Britteny Pettecrew,1997-09-23,bpettecrew5@uiuc.edu,Female,Washington,United States
7,Aarika Durbridge,2000-07-28,adurbridge6@acquirethisname.com,Female,Houston,United States
8,Wain Giraudoux,1998-11-18,wgiraudoux7@go.com,Male,Washington,United States
9,Rance Baudinet,1998-03-01,rbaudinet8@myspace.com,Male,Erie,United States
10,Lexi Vondrys,1999-04-28,lvondrys9@google.ca,Female,Denver,United States
11,Nariko Baudinet,2000-03-21,nbaudineta@cyberchimps.com,Female,Glendale,United States
12,Marita Wenzel,1996-05-13,mwenzelb@seesaa.net,Female,Bellevue,United States
13,Lilyan Orgel,2000-04-19,lorgelc@sphinn.com,Female,Sacramento,United States
14,Penelope Pybus,1999-04-18,ppybusd@toplist.cz,Female,Cincinnati,United States
15,Alissa Stobart,1999-06-20,astobarte@ocn.ne.jp,Female,Carlsbad,United States
16,Miranda Thunders,1999-09-17,mthundersf@icio.us,Female,Springfield,United States
17,Odele Wellman,1996-01-23,owellmang@zdnet.com,Female,Washington,United States
18,Amara Wreford,2000-04-15,awrefordh@fema.gov,Female,Atlanta,United States
19,Hanna Martinetto,1996-01-10,hmartinettoi@state.tx.us,Female,Fort Lauderdale,United States
20,Leland Brimson,1997-10-12,lbrimsonj@google.it,Female,New Hyde Park,United States
21,Neron Embleton,2000-03-19,nembletonk@usatoday.com,Male,San Jose,United States
22,Renata Pratty,2000-09-28,rprattyl@gmpg.org,Female,Dallas,United States
23,Viva McAlpine,1996-12-28,vmcalpinem@stumbleupon.com,Female,Little Rock,United States
24,Neille Birrane,1996-08-02,nbirranen@ow.ly,Female,Miami,United States
25,Thedric Capstake,1996-12-16,tcapstakeo@shareasale.com,Male,Flushing,United States
26,Emmit Hartigan,1995-11-14,ehartiganp@printfriendly.com,Male,Charlotte,United States
27,Audi Fennessy,1998-06-12,afennessyq@1und1.de,Female,Lakeland,United States
28,Jeremie Hodgin,1996-02-18,jhodginr@indiegogo.com,Male,Richmond,United States
29,Selia Million,1998-07-08,smillions@google.co.jp,Female,Houston,United States
30,Evangelina Trustey,1999-03-13,etrusteyt@guardian.co.uk,Female,Washington,United States
31,Ottilie Seamen,1997-08-22,oseamenu@eventbrite.com,Female,Lees Summit,United States
32,Aggi Maskell,1998-07-03,amaskellv@bizjournals.com,Female,Fort Worth,United States
33,My Como,2000-02-27,mcomow@pagesperso-orange.fr,Male,Minneapolis,United States
34,Silvio Hamon,1997-01-02,shamonx@google.fr,Male,Saint Paul,United States
35,Sydelle Hinckesman,1996-12-05,shinckesmany@wikispaces.com,Female,Indianapolis,United States
36,Shannen Aylwin,1995-12-01,saylwinz@artisteer.com,Female,Spring,United States
37,Dermot Castellan,1996-01-14,dcastellan10@topsy.com,Male,Washington,United States
38,Riccardo Devenport,1998-07-08,rdevenport11@privacy.gov.au,Male,Oklahoma City,United States
39,Law Ccomini,1998-01-25,lccomini12@purevolume.com,Male,Washington,United States
40,Goldina De Blase,1999-09-11,gde13@apache.org,Female,Alexandria,United States
41,Sanford Hucquart,1997-08-27,shucquart14@imdb.com,Male,Montgomery,United States
42,Devlen Jurkiewicz,1997-06-15,djurkiewicz15@ocn.ne.jp,Male,Oklahoma City,United States
43,Reinold McNicol,2000-07-01,rmcnicol16@flavors.me,Male,Irving,United States
44,Rustin Bubb,1996-02-27,rbubb17@google.es,Male,Tucson,United States
45,Geordie Dymick,1999-08-22,gdymick18@canalblog.com,Male,Durham,United States
46,Tyson Issard,2000-08-23,tissard19@cornell.edu,Male,Orlando,United States
47,Birgit MacDuff,1998-12-24,bmacduff1a@spotify.com,Female,Bakersfield,United States
48,Gustav Durbyn,1996-04-09,gdurbyn1b@nbcnews.com,Male,Roanoke,United States
49,Fowler Skea,1999-07-15,fskea1c@miitbeian.gov.cn,Male,Fort Myers,United States
50,Quinn Grenfell,1998-02-23,qgrenfell1d@washington.edu,Male,Saint Paul,United States
51,Drake Gomer,1998-07-08,dgomer1e@cloudflare.com,Male,Lexington,United States
52,Aylmar Doumerque,1996-03-13,adoumerque1f@123-reg.co.uk,Male,Houston,United States
53,Ly Edson,1999-06-22,ledson1g@google.ca,Male,Toledo,United States
54,Annamaria Torrans,1996-03-20,atorrans1h@360.cn,Female,Dallas,United States
55,Irwinn Winser,1999-05-16,iwinser1i@china.com.cn,Male,Carson City,United States
56,Kennedy Baraclough,1996-10-22,kbaraclough1j@tuttocitta.it,Male,Paterson,United States
57,Paco Rojahn,1996-04-15,projahn1k@xrea.com,Male,Sacramento,United States
58,Iolande Hattoe,1998-11-07,ihattoe1l@ameblo.jp,Female,Milwaukee,United States
59,Bartlet Gley,1996-04-28,bgley1m@indiegogo.com,Male,Las Vegas,United States
60,Jill Lambkin,1996-11-28,jlambkin1n@google.com.hk,Female,Topeka,United States
61,Linn Kinsella,1997-07-25,lkinsella1o@blogtalkradio.com,Male,North Little Rock,United States
62,Michale Carillo,1996-05-28,mcarillo1p@loc.gov,Male,Saint Louis,United States
63,Armand Jovovic,2000-05-18,ajovovic1q@npr.org,Male,Washington,United States
64,Barnard Hordle,1997-04-18,bhordle1r@google.com.au,Male,Cumming,United States
65,Darius Orteu,1999-01-13,dorteu1s@who.int,Male,Toledo,United States
66,Luise Blasio,1998-07-06,lblasio1t@vinaora.com,Female,Buffalo,United States
67,Paige De Bell,1998-08-04,pde1u@apple.com,Male,Olympia,United States
68,Ogdon Clawley,1995-10-13,oclawley1v@t.co,Male,Louisville,United States
69,Kanya Cliffe,1997-01-08,kcliffe1w@tmall.com,Female,Pittsburgh,United States
70,Herve Rossi,1997-06-22,hrossi1x@seattletimes.com,Male,Erie,United States
71,Edsel Kuscha,1999-12-02,ekuscha1y@theatlantic.com,Male,Vancouver,United States
72,Sisile Geraldini,1997-04-20,sgeraldini1z@hostgator.com,Female,Shawnee Mission,United States
73,Emlyn Eddisford,1996-02-13,eeddisford20@disqus.com,Male,Hamilton,United States
74,Byron Usher,1999-03-20,busher21@mozilla.com,Male,Laurel,United States
75,Antonella Chittock,1996-04-24,achittock22@cam.ac.uk,Female,Springfield,United States
76,Ramonda Roth,1999-06-24,rroth23@yelp.com,Female,Saint Louis,United States
77,Letizia Birkett,1996-04-30,lbirkett24@rakuten.co.jp,Female,Salt Lake City,United States
78,Ariel MacMenamin,1995-12-05,amacmenamin25@taobao.com,Male,Anchorage,United States
79,Jesse Eede,1998-09-17,jeede26@xrea.com,Female,Lubbock,United States
80,Berne Brende,2000-07-14,bbrende27@google.ca,Male,Pasadena,United States
81,Clementius Echallier,2000-07-19,cechallier28@jimdo.com,Male,Pittsburgh,United States
82,Peggi Egger,1996-05-15,pegger29@nationalgeographic.com,Female,Santa Fe,United States
83,Edouard McNirlin,1997-03-22,emcnirlin2a@dmoz.org,Male,Tallahassee,United States
84,Moises Milhench,1996-02-07,mmilhench2b@redcross.org,Male,Schenectady,United States
85,Deeanne Brennand,1999-09-14,dbrennand2c@cdbaby.com,Female,New York City,United States
86,Ashlee Quartermain,1998-07-25,aquartermain2d@wsj.com,Female,Saint Paul,United States
87,Davita Gladwin,1997-02-17,dgladwin2e@bloglines.com,Female,Mobile,United States
88,Tildie Fossord,1997-02-14,tfossord2f@drupal.org,Female,Greenville,United States
89,Marje Kleinfeld,1999-11-26,mkleinfeld2g@wunderground.com,Female,New York City,United States
90,Alverta Kerner,1997-06-03,akerner2h@addtoany.com,Female,San Rafael,United States
91,Jamison Ethridge,1998-05-16,jethridge2i@businessinsider.com,Male,Knoxville,United States
92,Lorene Rickcord,1996-03-21,lrickcord2j@unicef.org,Female,Pittsburgh,United States
93,Demetre Gerant,1998-12-05,dgerant2k@loc.gov,Male,Racine,United States
94,Dominique Devenport,1996-11-23,ddevenport2l@squarespace.com,Male,Memphis,United States
95,Vita McKew,1996-11-18,vmckew2m@elegantthemes.com,Female,Whittier,United States
96,Theodor Bewlay,1996-04-11,tbewlay2n@myspace.com,Male,Monticello,United States
97,Gonzalo Sherwood,1997-01-06,gsherwood2o@opera.com,Male,Fargo,United States
98,Jannel Dagleas,1995-11-28,jdagleas2p@army.mil,Female,Minneapolis,United States
99,Gray Proswell,1996-07-10,gproswell2q@theatlantic.com,Male,Harrisburg,United States
100,Marie-jeanne Pollendine,1996-08-09,mpollendine2r@earthlink.net,Female,San Diego,United States
101,Wilbert Brome,1997-06-29,wbrome2s@omniture.com,Male,Sioux Falls,United States
102,Timoteo Langsdon,1997-12-22,tlangsdon2t@slate.com,Male,Pasadena,United States
103,Eloise Salliere,1996-07-05,esalliere2u@cnn.com,Female,Marietta,United States
104,Clarabelle Minico,1998-12-10,cminico2v@dion.ne.jp,Female,Chattanooga,United States
105,Hatti Houlahan,2000-06-03,hhoulahan2w@earthlink.net,Female,Bronx,United States
106,Agna Lievesley,1997-03-06,alievesley2x@wisc.edu,Female,Springfield,United States
107,Kenon Blase,1998-05-09,kblase2y@cnn.com,Male,Chicago,United States
108,Barbie Ponsford,1999-11-10,bponsford2z@de.vu,Female,Sacramento,United States
109,Dom Allbones,1998-11-24,dallbones30@huffingtonpost.com,Male,Hamilton,United States
110,Franchot Matyushenko,1999-12-04,fmatyushenko31@dell.com,Male,Fort Worth,United States
111,Anthony Dilke,1997-11-12,adilke32@pcworld.com,Male,Carlsbad,United States
112,Pryce Threlkeld,1997-10-21,pthrelkeld33@usa.gov,Male,Roanoke,United States
113,Zorana MacClay,1996-04-11,zmacclay34@home.pl,Female,Las Vegas,United States
114,Alexandr Pyffe,1997-09-20,apyffe35@alexa.com,Male,Norfolk,United States
115,Nikos Gapp,1996-01-14,ngapp36@cdc.gov,Male,Phoenix,United States
116,Felipe Audenis,1997-01-16,faudenis37@free.fr,Male,Chicago,United States
117,Romona Chastand,1998-07-01,rchastand38@economist.com,Female,Pensacola,United States
118,Abe Stuttard,1995-10-18,astuttard39@istockphoto.com,Male,Lancaster,United States
119,Arny Storie,2000-07-28,astorie3a@nytimes.com,Male,Staten Island,United States
120,Mahmud Camillo,1998-07-07,mcamillo3b@pen.io,Male,Lafayette,United States
121,Adan Verissimo,1998-04-16,averissimo3c@pbs.org,Female,Las Vegas,United States
122,Lira MacCostigan,2000-08-15,lmaccostigan3d@drupal.org,Female,Tulsa,United States
123,Arnold Massel,1998-07-17,amassel3e@businessweek.com,Male,Durham,United States
124,Hailee Tender,1997-03-14,htender3f@arizona.edu,Female,Omaha,United States
125,Joeann Grouen,1999-12-18,jgrouen3g@dyndns.org,Female,Petaluma,United States
126,Willie Rimour,1998-07-10,wrimour3h@meetup.com,Female,Erie,United States
127,Karly Ferminger,1996-09-24,kferminger3i@paypal.com,Female,Louisville,United States
128,Reeta Camock,1998-12-31,rcamock3j@patch.com,Female,Milwaukee,United States
129,Margy Harhoff,1996-12-03,mharhoff3k@unesco.org,Female,Baltimore,United States
130,Yevette Mozzetti,2000-07-24,ymozzetti3l@howstuffworks.com,Female,Lynn,United States
131,Elaine MacGarrity,1999-08-03,emacgarrity3m@about.com,Female,Torrance,United States
132,Gabriello Amphlett,1996-08-01,gamphlett3n@so-net.ne.jp,Male,Sterling,United States
133,Alika Seathwright,1998-06-17,aseathwright3o@patch.com,Female,Sacramento,United States
134,Elwin Costelloe,1996-07-19,ecostelloe3p@marriott.com,Male,Punta Gorda,United States
135,Wynn Lamprey,1999-06-29,wlamprey3q@vimeo.com,Female,Memphis,United States
136,Dory Lewisham,2000-05-19,dlewisham3r@oakley.com,Male,Shawnee Mission,United States
137,Loralyn Steventon,2000-01-02,lsteventon3s@desdev.cn,Female,Miami,United States
138,Claudia O' Flaherty,1999-01-16,co3t@live.com,Female,Miami,United States
139,Aymer Twopenny,1997-07-23,atwopenny3u@163.com,Male,Erie,United States
140,Claudette Popeley,1998-09-09,cpopeley3v@answers.com,Female,Cincinnati,United States
141,Lorene Foucard,1997-03-13,lfoucard3w@edublogs.org,Female,San Francisco,United States
142,Susie Sommerscales,1998-11-23,ssommerscales3x@tripadvisor.com,Female,Vancouver,United States
143,Derek Ilsley,1995-12-22,dilsley3y@google.cn,Male,Staten Island,United States
144,Judye Dyerson,1999-07-14,jdyerson3z@de.vu,Female,Wilmington,United States
145,Analise Arnhold,1996-08-22,aarnhold40@over-blog.com,Female,New Haven,United States
146,Paxton Bridgland,1996-02-06,pbridgland41@amazon.de,Male,Whittier,United States
147,Rafaela Mushrow,1997-11-21,rmushrow42@fastcompany.com,Female,Colorado Springs,United States
148,Ferdinand Stode,1995-12-13,fstode43@accuweather.com,Male,Dearborn,United States
149,Wenda Kenright,1996-07-05,wkenright44@auda.org.au,Female,Lynn,United States
150,Baxy Paike,1998-07-05,bpaike45@amazon.de,Male,Jackson,United States
151,Cindra Schmuhl,2000-04-01,cschmuhl46@tumblr.com,Female,Spartanburg,United States
152,Sauncho Pipes,1996-08-25,spipes47@technorati.com,Male,Flushing,United States
153,Deanna MacPeice,1996-03-22,dmacpeice48@bloomberg.com,Female,Omaha,United States
154,Elias Francescotti,1997-11-29,efrancescotti49@archive.org,Male,Salt Lake City,United States
155,Maurene Coal,1997-12-14,mcoal4a@sun.com,Female,Saint Louis,United States
156,Fabiano Mullally,1998-02-03,fmullally4b@booking.com,Male,Corona,United States
157,Martynne Gillio,1996-02-13,mgillio4c@typepad.com,Female,Baltimore,United States
158,Cymbre Malacrida,1996-09-07,cmalacrida4d@mozilla.com,Female,Dallas,United States
159,Bernete Scoffham,1999-10-23,bscoffham4e@t.co,Female,Detroit,United States
160,Gerhardine Bartolomeu,1998-01-14,gbartolomeu4f@shareasale.com,Female,Santa Monica,United States
161,Cissiee Grangier,1996-11-09,cgrangier4g@istockphoto.com,Female,Sacramento,United States
162,Pierson Capstaff,2000-01-19,pcapstaff4h@trellian.com,Male,Atlanta,United States
163,Auria Galland,1997-12-15,agalland4i@loc.gov,Female,Wilmington,United States
164,Allyn Colebourn,1996-09-06,acolebourn4j@drupal.org,Female,Indianapolis,United States
165,Harlan Fitkin,1996-04-14,hfitkin4k@homestead.com,Male,Reading,United States
166,Georgia Emmens,1996-05-17,gemmens4l@seesaa.net,Female,Milwaukee,United States
167,Jessica Fewster,1997-05-20,jfewster4m@marketwatch.com,Female,Omaha,United States
168,Gaspard Kinton,1998-06-05,gkinton4n@google.cn,Male,Atlanta,United States
169,Budd Bartaletti,1998-05-27,bbartaletti4o@vk.com,Male,Tucson,United States
170,Ddene Moxley,1999-04-11,dmoxley4p@xing.com,Female,Lakeland,United States
171,Katheryn Tilzey,1998-11-17,ktilzey4q@t.co,Female,Young America,United States
172,Michele Anfrey,1996-02-22,manfrey4r@godaddy.com,Female,El Paso,United States
173,Diane Wyatt,1997-06-10,dwyatt4s@bloomberg.com,Female,Pueblo,United States
174,Lara Margrie,2000-06-06,lmargrie4t@redcross.org,Female,El Paso,United States
175,Dru Placstone,1995-12-22,dplacstone4u@linkedin.com,Female,Gainesville,United States
176,Jami Giorgetti,1999-09-12,jgiorgetti4v@cmu.edu,Female,Fresno,United States
177,Hollis Skeete,1998-03-18,hskeete4w@unicef.org,Male,Newark,United States
178,Agace Bouette,1996-08-23,abouette4x@flickr.com,Female,Topeka,United States
179,Berny Garnett,1998-07-04,bgarnett4y@bigcartel.com,Male,Memphis,United States
180,Read Blazewski,1998-06-09,rblazewski4z@usnews.com,Male,Ogden,United States
181,Eduino Cleaveland,1997-09-28,ecleaveland50@people.com.cn,Male,Hartford,United States
182,Jeannette Smallbone,1997-03-12,jsmallbone51@irs.gov,Female,Detroit,United States
183,Raphaela Daughtry,1997-07-26,rdaughtry52@cargocollective.com,Female,Katy,United States
184,Farlie Missington,2000-09-05,fmissington53@pcworld.com,Male,New Orleans,United States
185,Yvonne Brotherheed,1996-07-31,ybrotherheed54@seattletimes.com,Female,Lexington,United States
186,Denice Wonham,1996-01-11,dwonham55@fotki.com,Female,El Paso,United States
187,Crista Leipold,1998-05-03,cleipold56@msu.edu,Female,Philadelphia,United States
188,Steward de Grey,1999-10-28,sde57@joomla.org,Male,Houston,United States
189,Thalia Schustl,1998-11-29,tschustl58@booking.com,Female,Montgomery,United States
190,Deck de Guerre,1996-10-15,dde59@intel.com,Male,Staten Island,United States
191,Pietra Wozencroft,1998-12-21,pwozencroft5a@tuttocitta.it,Female,Savannah,United States
192,Querida Dorie,1998-10-24,qdorie5b@dmoz.org,Female,Charlottesville,United States
193,Filide Stedson,1996-04-06,fstedson5c@icio.us,Female,Stamford,United States
194,Noland McKitterick,1997-01-31,nmckitterick5d@goodreads.com,Male,Phoenix,United States
195,Waylon Yu,1995-11-30,wyu5e@soup.io,Male,Irving,United States
196,Grove Aguirrezabal,1996-12-20,gaguirrezabal5f@goo.gl,Male,Arlington,United States
197,Joletta Longhurst,1996-03-17,jlonghurst5g@go.com,Female,Birmingham,United States
198,Clayborn Kellard,1996-01-20,ckellard5h@com.com,Male,Flushing,United States
199,Aaren Ealden,1996-08-20,aealden5i@omniture.com,Female,San Angelo,United States
200,Allys Heinsen,1999-11-22,aheinsen5j@chicagotribune.com,Female,Augusta,United States
201,Kiersten Pentin,1997-01-27,kpentin5k@paypal.com,Female,Palatine,United States
202,Jacinta Minet,2000-03-28,jminet5l@examiner.com,Female,Honolulu,United States
203,Lloyd Tortice,1997-12-08,ltortice5m@artisteer.com,Male,Fullerton,United States
204,Julina Isgar,1997-06-11,jisgar5n@sogou.com,Female,Las Vegas,United States
205,Reggie Krates,1996-03-14,rkrates5o@ox.ac.uk,Female,Dallas,United States
206,Robby Longcake,2000-05-17,rlongcake5p@usatoday.com,Male,Charlotte,United States
207,Richardo Warlaw,1999-09-19,rwarlaw5q@sbwire.com,Male,Sacramento,United States
208,Graeme Potte,1997-01-19,gpotte5r@weather.com,Male,Brooklyn,United States
209,Helaine Gaythorpe,1995-11-01,hgaythorpe5s@quantcast.com,Female,Silver Spring,United States
210,Henriette Zimek,1996-07-09,hzimek5t@shop-pro.jp,Female,Phoenix,United States
211,Olivier Rimmer,1999-09-17,orimmer5u@studiopress.com,Male,Katy,United States
212,Jemie Bolsteridge,1996-10-10,jbolsteridge5v@yellowpages.com,Female,Huntsville,United States
213,Theodore Grigorini,1997-06-04,tgrigorini5w@cloudflare.com,Male,Evansville,United States
214,Arlan Sommerton,2000-06-23,asommerton5x@ifeng.com,Male,San Diego,United States
215,Toinette Fulks,1998-05-28,tfulks5y@etsy.com,Female,Tulsa,United States
216,Robbie Soaper,1998-09-03,rsoaper5z@scribd.com,Male,Carson City,United States
217,Tanya Rielly,1996-06-11,trielly60@vistaprint.com,Female,Norfolk,United States
218,Audrey Zold,2000-09-15,azold61@sitemeter.com,Female,Cleveland,United States
219,Zena McGinlay,1999-12-28,zmcginlay62@soup.io,Female,Boston,United States
220,Dallas Waterworth,1997-08-04,dwaterworth63@utexas.edu,Female,Buffalo,United States
221,Malanie Barnfather,1996-07-04,mbarnfather64@geocities.com,Female,Greensboro,United States
222,Elita Tesyro,1997-03-27,etesyro65@barnesandnoble.com,Female,El Paso,United States
223,Lamar Gooderidge,2000-09-04,lgooderidge66@webs.com,Male,Norfolk,United States
224,Amity Mongeot,1997-06-10,amongeot67@qq.com,Female,Wichita,United States
225,Annecorinne Howlings,1995-10-09,ahowlings68@uiuc.edu,Female,Dearborn,United States
226,Coral Lemme,2000-01-31,clemme69@illinois.edu,Female,Pensacola,United States
227,Horst Bodleigh,1999-10-05,hbodleigh6a@forbes.com,Male,Lafayette,United States
228,Mychal Adlam,1996-08-24,madlam6b@hibu.com,Male,Corona,United States
229,Ozzy Chafney,1998-12-26,ochafney6c@ucoz.ru,Male,Memphis,United States
230,Kenn Sneddon,2000-02-21,ksneddon6d@addtoany.com,Male,Philadelphia,United States
231,Nicky Longbottom,1996-07-20,nlongbottom6e@livejournal.com,Male,Baltimore,United States
232,Berny Radcliffe,1996-12-27,bradcliffe6f@people.com.cn,Male,New Orleans,United States
233,Nichol Mannix,1997-02-02,nmannix6g@bravesites.com,Female,Rochester,United States
234,Em Vassman,2000-08-30,evassman6h@tumblr.com,Female,Richmond,United States
235,Charmane Buret,1996-05-16,cburet6i@stanford.edu,Female,Atlanta,United States
236,Cherilynn Jealous,1998-06-13,cjealous6j@nyu.edu,Female,Springfield,United States
237,Edouard Ghidotti,2000-08-06,eghidotti6k@usnews.com,Male,Houston,United States
238,Byran Spinas,1997-08-26,bspinas6l@amazon.co.uk,Male,Topeka,United States
239,Jean Buckenhill,2000-01-16,jbuckenhill6m@bluehost.com,Female,Corona,United States
240,Peggi Bruhnke,1998-05-16,pbruhnke6n@guardian.co.uk,Female,Toledo,United States
241,Carleen Martineau,1998-07-21,cmartineau6o@infoseek.co.jp,Female,Norfolk,United States
242,Jermaine Siviour,1996-02-22,jsiviour6p@bravesites.com,Male,Marietta,United States
243,Dusty Russon,1997-12-29,drusson6q@trellian.com,Female,Beaverton,United States
244,Maxi Vanyutin,2000-09-04,mvanyutin6r@elpais.com,Female,Paterson,United States
245,Guglielma Catlin,1997-07-27,gcatlin6s@skype.com,Female,Fort Wayne,United States
246,Isa Ladbrook,1995-11-09,iladbrook6t@latimes.com,Female,Nashville,United States
247,Emmy Roadknight,1996-08-04,eroadknight6u@blogger.com,Female,Vienna,United States
248,Cletus Cottu,2000-07-29,ccottu6v@google.pl,Male,Fort Worth,United States
249,Reggis Shepley,1996-10-04,rshepley6w@edublogs.org,Male,Grand Forks,United States
250,Robenia Blissett,1997-01-24,rblissett6x@delicious.com,Female,Fresno,United States
251,Eudora Gotcliffe,2000-09-22,egotcliffe6y@ehow.com,Female,Houston,United States
252,Debra Maw,1998-09-12,dmaw6z@wp.com,Female,New Haven,United States
253,Dulcy Karoly,1996-01-27,dkaroly70@go.com,Female,Washington,United States
254,Pascal Gerriet,1995-10-10,pgerriet71@dailymail.co.uk,Male,Chicago,United States
255,Vivie Boles,1999-02-21,vboles72@altervista.org,Female,Houston,United States
256,Ahmad Bockmann,1997-10-29,abockmann73@photobucket.com,Male,Washington,United States
257,Vincents Toland,1996-03-01,vtoland74@comsenz.com,Male,Lansing,United States
258,Corrinne Younghusband,1996-09-22,cyounghusband75@techcrunch.com,Female,Tulsa,United States
259,Sibley Ramsbotham,1998-09-27,sramsbotham76@de.vu,Female,Washington,United States
260,Nerti Macro,1997-07-08,nmacro77@etsy.com,Female,Seattle,United States
261,Callie Tarquini,1997-07-24,ctarquini78@slideshare.net,Female,Lakeland,United States
262,Denise Foxall,1995-11-07,dfoxall79@pen.io,Female,Las Vegas,United States
263,Dukie Gerrey,1997-07-03,dgerrey7a@delicious.com,Male,Durham,United States
264,Shellysheldon Enderlein,1999-01-27,senderlein7b@about.me,Male,Washington,United States
265,Cynthy Seyffert,1998-01-16,cseyffert7c@cpanel.net,Female,Pueblo,United States
266,Durand Nutbean,2000-03-01,dnutbean7d@cam.ac.uk,Male,London,United States
267,Prentiss Huntingdon,1997-08-20,phuntingdon7e@flavors.me,Male,Philadelphia,United States
268,Otha Bankes,1996-07-22,obankes7f@pinterest.com,Female,Atlanta,United States
269,Nil Lagde,1998-05-25,nlagde7g@china.com.cn,Male,Springfield,United States
270,Matilda Greeve,1996-03-29,mgreeve7h@zdnet.com,Female,Denton,United States
271,Hephzibah Bestar,1997-12-15,hbestar7i@moonfruit.com,Female,Anniston,United States
272,Kare Reyna,1996-09-25,kreyna7j@bbb.org,Female,San Diego,United States
273,Myrtia Goude,1999-10-09,mgoude7k@yellowbook.com,Female,Amarillo,United States
274,Zabrina Warrior,1998-11-08,zwarrior7l@nhs.uk,Female,Brooklyn,United States
275,Austin Antalffy,2000-03-31,aantalffy7m@bigcartel.com,Male,Gainesville,United States
276,Nerty Hurrell,1996-04-01,nhurrell7n@topsy.com,Female,Hartford,United States
277,Esta Bruggeman,1996-11-06,ebruggeman7o@about.me,Female,Sacramento,United States
278,Corly Scanlin,2000-02-26,cscanlin7p@google.fr,Female,Largo,United States
279,Pammy Cantillon,1996-06-17,pcantillon7q@howstuffworks.com,Female,Battle Creek,United States
280,Marijn Dooler,1998-11-22,mdooler7r@github.com,Male,Philadelphia,United States
281,Odessa Blazejewski,1996-01-09,oblazejewski7s@telegraph.co.uk,Female,Muskegon,United States
282,Sheila Lafferty,2000-04-19,slafferty7t@scribd.com,Female,Charlottesville,United States
283,Galvin Burkert,1996-06-20,gburkert7u@cocolog-nifty.com,Male,Colorado Springs,United States
284,Sigrid Will,1999-05-10,swill7v@goo.ne.jp,Female,Louisville,United States
285,Laurie Attride,1997-09-21,lattride7w@npr.org,Male,Tulsa,United States
286,Gabriellia Cleverly,1996-10-03,gcleverly7x@php.net,Female,Washington,United States
287,Tobias Trubshaw,1999-11-07,ttrubshaw7y@goodreads.com,Male,Orange,United States
288,De witt Clara,2000-02-14,dwitt7z@t-online.de,Male,Huntington,United States
289,Brandon Shenfish,1998-09-24,bshenfish80@vinaora.com,Male,Philadelphia,United States
290,Amber Loukes,2000-03-26,aloukes81@rakuten.co.jp,Female,Grand Rapids,United States
291,Karalynn Flipek,1998-07-21,kflipek82@apple.com,Female,Albuquerque,United States
292,Maddi Pull,1999-10-16,mpull83@photobucket.com,Female,Ocala,United States
293,Delphine Howey,1998-07-05,dhowey84@canalblog.com,Female,Jacksonville,United States
294,Sheelagh Harman,1997-07-19,sharman85@nba.com,Female,Houston,United States
295,Isaac Gulk,1999-06-03,igulk86@soundcloud.com,Male,Aurora,United States
296,Antonietta Jakubovitch,1996-09-01,ajakubovitch87@ucoz.ru,Female,Carson City,United States
297,Jasper Sievewright,1999-10-16,jsievewright88@foxnews.com,Male,Louisville,United States
298,Eleonora Brownsea,1996-02-29,ebrownsea89@php.net,Female,Dallas,United States
299,Angeline Gwyneth,1997-08-19,agwyneth8a@drupal.org,Female,Los Angeles,United States
300,Rudie Dalby,1997-08-08,rdalby8b@rambler.ru,Male,Wilmington,United States
301,Torrin Bryceson,1999-12-11,tbryceson8c@lycos.com,Male,Newark,United States
302,Milty Pleavin,1998-09-08,mpleavin8d@ucla.edu,Male,Migrate,United States
303,Abby Huggen,2000-03-24,ahuggen8e@flavors.me,Male,El Paso,United States
304,Elsie France,1996-02-19,efrance8f@jimdo.com,Female,Jackson,United States
305,Sarene Braidley,2000-09-09,sbraidley8g@goo.gl,Female,Jacksonville,United States
306,Barry Wicken,1999-01-20,bwicken8h@icq.com,Female,Littleton,United States
307,Alfy Ateggart,1995-10-20,aateggart8i@miitbeian.gov.cn,Male,Huntsville,United States
308,Morna McGrane,2000-08-08,mmcgrane8j@linkedin.com,Female,Pompano Beach,United States
309,Rabi Gregan,1999-04-30,rgregan8k@hostgator.com,Male,Fullerton,United States
310,Horst Dakin,1996-02-21,hdakin8l@businesswire.com,Male,Orlando,United States
311,Roda Robbie,1995-11-10,rrobbie8m@twitpic.com,Female,Seattle,United States
312,Beverlee Feldbau,1998-04-18,bfeldbau8n@bloomberg.com,Female,Philadelphia,United States
313,Eadie Kleinerman,1999-07-04,ekleinerman8o@cnn.com,Female,Lynn,United States
314,Ludovico Jirusek,1996-08-22,ljirusek8p@e-recht24.de,Male,Kansas City,United States
315,Myer Ondrich,1997-02-05,mondrich8q@tiny.cc,Male,Saint Louis,United States
316,Falkner Kinchington,1999-11-24,fkinchington8r@seattletimes.com,Male,Midland,United States
317,Janessa Wheelton,1999-09-22,jwheelton8s@utexas.edu,Female,Chattanooga,United States
318,Robbie Roscam,1998-02-20,rroscam8t@irs.gov,Female,Grand Rapids,United States
319,Bret Cousins,1995-11-28,bcousins8u@spiegel.de,Male,Terre Haute,United States
320,Ky Jakoub,1998-10-04,kjakoub8v@cargocollective.com,Male,Tulsa,United States
321,Vernen Foxcroft,1997-11-09,vfoxcroft8w@ifeng.com,Male,Charlotte,United States
322,Avictor Mateuszczyk,1997-02-16,amateuszczyk8x@surveymonkey.com,Male,London,United States
323,Lee Bernhardsson,2000-04-12,lbernhardsson8y@redcross.org,Male,Houston,United States
324,Christoforo Dowson,1999-04-17,cdowson8z@state.gov,Male,Santa Monica,United States
325,Miguelita Bawden,1999-10-13,mbawden90@businessinsider.com,Female,Atlanta,United States
326,Berk Labin,2000-04-18,blabin91@usnews.com,Male,Houston,United States
327,Nance Bellie,1995-10-24,nbellie92@sitemeter.com,Female,Lansing,United States
328,Fidelio Billings,1999-04-14,fbillings93@trellian.com,Male,Grand Rapids,United States
329,Brandea Watts,1997-10-22,bwatts94@slashdot.org,Female,Saint Louis,United States
330,Fulvia De Biaggi,1999-06-11,fde95@alibaba.com,Female,Fort Worth,United States
331,Frederique Lamba,1996-12-25,flamba96@sbwire.com,Female,Staten Island,United States
332,Lin Ashplant,1996-05-11,lashplant97@pagesperso-orange.fr,Female,San Diego,United States
333,Remington Attrie,1995-12-11,rattrie98@freewebs.com,Male,Knoxville,United States
334,Joice Mattson,2000-07-26,jmattson99@dot.gov,Female,Baton Rouge,United States
335,Niccolo Benning,1998-07-03,nbenning9a@people.com.cn,Male,Reno,United States
336,Aguste Capon,1995-11-08,acapon9b@delicious.com,Male,Louisville,United States
337,Hailee Fruchter,2000-09-23,hfruchter9c@about.com,Female,Champaign,United States
338,Jere McGrirl,1998-03-05,jmcgrirl9d@dmoz.org,Male,Tyler,United States
339,Lauren Gartside,1999-05-06,lgartside9e@godaddy.com,Male,Houston,United States
340,Carlye Matthensen,1997-09-09,cmatthensen9f@cloudflare.com,Female,Lynchburg,United States
341,Curry Huller,2000-03-21,chuller9g@exblog.jp,Male,Fort Worth,United States
342,Glori Mounfield,1995-12-23,gmounfield9h@mysql.com,Female,Grand Forks,United States
343,Willamina Ridwood,1999-04-25,wridwood9i@wordpress.com,Female,Chandler,United States
344,Carly Izhaky,1996-11-10,cizhaky9j@blogspot.com,Male,Naples,United States
345,Benedikt Kluss,1997-06-07,bkluss9k@barnesandnoble.com,Male,Buffalo,United States
346,Linet Kunc,1999-01-28,lkunc9l@51.la,Female,Los Angeles,United States
347,Livvie Hartopp,2000-04-18,lhartopp9m@issuu.com,Female,Saint Petersburg,United States
348,Mallorie Crisp,1996-08-17,mcrisp9n@wsj.com,Female,Milwaukee,United States
349,Lenee Janauschek,1996-01-30,ljanauschek9o@a8.net,Female,Washington,United States
350,Garreth Ramsbottom,1999-09-06,gramsbottom9p@hp.com,Male,Syracuse,United States
351,Lionello McRobbie,1998-06-19,lmcrobbie9q@cbsnews.com,Male,Nashville,United States
352,Raff Giacomozzo,1996-06-07,rgiacomozzo9r@nymag.com,Male,El Paso,United States
353,Keslie Yerborn,2000-04-16,kyerborn9s@blogger.com,Female,Charlotte,United States
354,Julietta Jaffra,1995-12-10,jjaffra9t@si.edu,Female,San Francisco,United States
355,Stephanus Gillingwater,1996-11-16,sgillingwater9u@angelfire.com,Male,Pensacola,United States
356,Caty Sjollema,2000-07-25,csjollema9v@naver.com,Female,Mesa,United States
357,Vasili Ritmeyer,1997-03-30,vritmeyer9w@epa.gov,Male,Oklahoma City,United States
358,Shirlene Worgen,1996-02-24,sworgen9x@wp.com,Female,Seattle,United States
359,Zorine Wrinch,1999-09-03,zwrinch9y@discuz.net,Female,Houston,United States
360,Rafferty Cartmell,1998-02-23,rcartmell9z@yellowpages.com,Male,Boston,United States
361,Cyrill Standbrook,1997-05-12,cstandbrooka0@washingtonpost.com,Male,Louisville,United States
362,Eward Flisher,1999-07-11,eflishera1@ow.ly,Male,Tulsa,United States
363,Marlo Bartholomaus,1995-11-23,mbartholomausa2@list-manage.com,Male,Cincinnati,United States
364,Veronike Prendergast,1997-12-03,vprendergasta3@washington.edu,Female,Paterson,United States
365,Sadie Lindemann,1998-05-27,slindemanna4@wikia.com,Female,Bakersfield,United States
366,Jean Shallcroff,1997-03-19,jshallcroffa5@ft.com,Male,Miami,United States
367,Ameline Skayman,2000-09-04,askaymana6@gravatar.com,Female,Chattanooga,United States
368,Mohandis Wealleans,2000-01-13,mwealleansa7@list-manage.com,Male,New Hyde Park,United States
369,Ree Wrout,1996-07-31,rwrouta8@mashable.com,Female,Saint Petersburg,United States
370,Powell Scones,1999-12-18,psconesa9@whitehouse.gov,Male,Springfield,United States
371,Nickola Craze,1996-07-29,ncrazeaa@phoca.cz,Male,El Paso,United States
372,Husein Callaway,2000-04-28,hcallawayab@csmonitor.com,Male,Tucson,United States
373,Sebastien McPhater,1998-07-05,smcphaterac@nyu.edu,Male,San Francisco,United States
374,Karoly Riddler,2000-07-04,kriddlerad@hao123.com,Female,El Paso,United States
375,Frankie Durward,1995-12-13,fdurwardae@cafepress.com,Male,Corpus Christi,United States
376,Currey Janouch,1997-12-12,cjanouchaf@comcast.net,Male,Greensboro,United States
377,Henderson Harsum,1999-12-13,hharsumag@360.cn,Male,Orlando,United States
378,Dacia Sayce,1998-10-30,dsayceah@wordpress.com,Female,Gatesville,United States
379,Alisha Craydon,2000-02-27,acraydonai@ifeng.com,Female,Irving,United States
380,Moshe Wippermann,1996-10-10,mwippermannaj@gmpg.org,Male,Saint Cloud,United States
381,Aurelie Guido,1999-01-11,aguidoak@smugmug.com,Female,Colorado Springs,United States
382,Kienan Djurdjevic,1997-01-29,kdjurdjevical@berkeley.edu,Male,Santa Fe,United States
383,Drucy Stryde,1998-04-07,dstrydeam@nature.com,Female,New York City,United States
384,Guthrie Couser,1999-09-04,gcouseran@1und1.de,Male,Nashville,United States
385,Roby Buske,2000-06-27,rbuskeao@yolasite.com,Female,Tampa,United States
386,De witt Rayner,1999-01-29,dwittap@pbs.org,Male,Cincinnati,United States
387,Homer Fraanchyonok,1998-06-15,hfraanchyonokaq@woothemes.com,Male,Marietta,United States
388,Meredith Coltart,1999-04-30,mcoltartar@vimeo.com,Male,Memphis,United States
389,Sela Greenhall,1998-04-05,sgreenhallas@facebook.com,Female,Saint Paul,United States
390,Caldwell Pabel,1998-01-28,cpabelat@barnesandnoble.com,Male,Arlington,United States
391,Tina Fealey,1998-05-01,tfealeyau@twitter.com,Female,New Orleans,United States
392,Florencia Polsin,1996-02-09,fpolsinav@blinklist.com,Female,Albany,United States
393,Gloria Scoines,1999-08-10,gscoinesaw@creativecommons.org,Female,Los Angeles,United States
394,Ofelia Zoephel,1996-12-18,ozoephelax@g.co,Female,Dallas,United States
395,Ricoriki Steinor,1997-06-24,rsteinoray@360.cn,Male,Fort Wayne,United States
396,Wald Graves,1999-09-15,wgravesaz@is.gd,Male,Racine,United States
397,Suzanna La Wille,1999-04-27,slab0@joomla.org,Female,Knoxville,United States
398,Bale Kellen,1996-03-04,bkellenb1@ehow.com,Male,Fort Worth,United States
399,Karylin Muzzall,1999-07-16,kmuzzallb2@bravesites.com,Female,Lafayette,United States
400,Manolo Blouet,1996-02-07,mblouetb3@wix.com,Male,Denver,United States
401,Devin Mavin,1996-12-03,dmavinb4@microsoft.com,Male,Richmond,United States
402,Mariya Tebbett,1996-01-11,mtebbettb5@gov.uk,Female,Garden Grove,United States
403,Carrol Speek,1998-06-26,cspeekb6@xinhuanet.com,Male,San Jose,United States
404,Jeremias Minget,1996-05-24,jmingetb7@narod.ru,Male,Oklahoma City,United States
405,Antonino Oxenford,1997-05-20,aoxenfordb8@theglobeandmail.com,Male,Wichita,United States
406,Mellisa Fache,1998-12-17,mfacheb9@smugmug.com,Female,Rochester,United States
407,Francois Broxholme,1996-04-25,fbroxholmeba@senate.gov,Male,Port Washington,United States
408,Kaia Dumbelton,1995-10-23,kdumbeltonbb@tuttocitta.it,Female,Philadelphia,United States
409,Addia Doughartie,2000-02-24,adoughartiebc@europa.eu,Female,El Paso,United States
410,Brooke Coller,1996-11-28,bcollerbd@is.gd,Male,Cleveland,United States
411,Brandie Georgiades,1999-02-18,bgeorgiadesbe@mlb.com,Female,Colorado Springs,United States
412,Debra Aarons,1998-10-14,daaronsbf@craigslist.org,Female,Grand Rapids,United States
413,Tonye Skittrell,1999-03-08,tskittrellbg@gov.uk,Female,Dearborn,United States
414,Silvana Houliston,1996-01-24,shoulistonbh@reverbnation.com,Female,Greensboro,United States
415,Lu Birkenshaw,1998-10-18,lbirkenshawbi@shutterfly.com,Female,Pueblo,United States
416,Conrado Toffano,1996-04-15,ctoffanobj@merriam-webster.com,Male,Aurora,United States
417,Christoforo Chettoe,1996-06-18,cchettoebk@dell.com,Male,Salt Lake City,United States
418,Johnathon Lingfoot,1997-05-01,jlingfootbl@wikimedia.org,Male,Aurora,United States
419,Caresse Lamperti,2000-09-02,clampertibm@blogs.com,Female,Columbus,United States
420,Sven Reast,1998-11-20,sreastbn@vkontakte.ru,Male,Los Angeles,United States
421,Bogart Bernth,1998-09-26,bbernthbo@tumblr.com,Male,Hyattsville,United States
422,Mela Hellin,1997-09-09,mhellinbp@google.fr,Female,Phoenix,United States
423,Darnell Piola,1996-11-13,dpiolabq@cnn.com,Male,Arlington,United States
424,Branden Sendall,1998-04-19,bsendallbr@upenn.edu,Male,North Little Rock,United States
425,Zulema MacShirie,1998-10-10,zmacshiriebs@facebook.com,Female,Sterling,United States
426,Matt Dellenbach,1999-09-08,mdellenbachbt@tmall.com,Male,Grand Rapids,United States
427,Cobbie Braybrookes,1998-02-07,cbraybrookesbu@dyndns.org,Male,Newark,United States
428,Zelig Swyer,1998-11-27,zswyerbv@oaic.gov.au,Male,Des Moines,United States
429,Saunderson Courtney,1998-02-24,scourtneybw@cbsnews.com,Male,Chicago,United States
430,Danya Jennings,1998-07-19,djenningsbx@vinaora.com,Male,New York City,United States
431,Emanuel Wharmby,1996-05-01,ewharmbyby@toplist.cz,Male,Philadelphia,United States
432,Skipton Baraclough,1998-09-22,sbaracloughbz@usa.gov,Male,Pasadena,United States
433,Berkly De Pietri,1996-01-22,bdec0@salon.com,Male,Chicago,United States
434,Lek Whellams,1999-06-02,lwhellamsc1@e-recht24.de,Male,Jamaica,United States
435,Burnaby Habbeshaw,1996-12-29,bhabbeshawc2@simplemachines.org,Male,New Haven,United States
436,Isidor Yarnold,1996-02-13,iyarnoldc3@hud.gov,Male,Santa Monica,United States
437,Eve Crandon,1999-04-15,ecrandonc4@google.pl,Female,Saint Louis,United States
438,Rogers Mathan,1996-07-21,rmathanc5@addtoany.com,Male,Gainesville,United States
439,Dill Tanner,1997-05-31,dtannerc6@fc2.com,Male,Augusta,United States
440,Artus Aronin,1999-08-07,aaroninc7@columbia.edu,Male,Saint Augustine,United States
441,Ivett Canadine,1999-12-12,icanadinec8@nydailynews.com,Female,Stockton,United States
442,Tracie Breitling,1999-10-02,tbreitlingc9@arizona.edu,Male,Portland,United States
443,Danna Zannotelli,1999-06-03,dzannotellica@disqus.com,Female,Columbus,United States
444,Feliks Balderston,1997-08-08,fbalderstoncb@diigo.com,Male,Warren,United States
445,Miller Pass,1996-11-30,mpasscc@squarespace.com,Male,Long Beach,United States
446,Valeda Ramsbottom,1997-02-02,vramsbottomcd@about.com,Female,Pueblo,United States
447,Timmy McNellis,1997-07-30,tmcnellisce@merriam-webster.com,Female,Whittier,United States
448,Willard Tossell,1999-08-16,wtossellcf@ucoz.ru,Male,Newport News,United States
449,Eddi Cow,1997-09-04,ecowcg@ameblo.jp,Female,Chicago,United States
450,Edeline Duchart,1997-12-21,educhartch@g.co,Female,New Orleans,United States
451,Greta Dulen,1998-06-02,gdulenci@typepad.com,Female,Dearborn,United States
452,Noel Halpeine,1996-10-17,nhalpeinecj@devhub.com,Female,Tallahassee,United States
453,Rogerio Rowntree,1996-08-10,rrowntreeck@spiegel.de,Male,Sacramento,United States
454,Carroll McGettigan,1999-06-06,cmcgettigancl@altervista.org,Male,Anniston,United States
455,Madalyn Ackrill,1998-08-30,mackrillcm@comsenz.com,Female,New York City,United States
456,Dorey Pearn,1996-04-19,dpearncn@un.org,Male,Glendale,United States
457,Konstance Killingworth,1999-01-05,kkillingworthco@nih.gov,Female,Tampa,United States
458,Frederica Jorgesen,1999-06-21,fjorgesencp@spiegel.de,Female,Fresno,United States
459,Gratiana Kliment,1999-11-30,gklimentcq@sogou.com,Female,Richmond,United States
460,Dorella Barbera,1997-09-29,dbarberacr@rambler.ru,Female,Richmond,United States
461,Rockey Issacof,1998-05-26,rissacofcs@ehow.com,Male,Des Moines,United States
462,Marcellina Orgee,1999-03-04,morgeect@cbslocal.com,Female,Santa Barbara,United States
463,Isadore Rathjen,1998-08-08,irathjencu@foxnews.com,Male,Fullerton,United States
464,Wynn Bossingham,1997-09-20,wbossinghamcv@is.gd,Female,Phoenix,United States
465,Jobie Late,1999-09-04,jlatecw@mail.ru,Female,Fort Lauderdale,United States
466,Heddie Skotcher,2000-06-07,hskotchercx@theguardian.com,Female,Washington,United States
467,Taite McCurtain,1999-01-03,tmccurtaincy@sina.com.cn,Male,Cincinnati,United States
468,Rogerio Gairdner,1996-04-07,rgairdnercz@redcross.org,Male,Pittsburgh,United States
469,Anne-marie Sallans,1998-10-24,asallansd0@latimes.com,Female,New York City,United States
470,Antonia Ipplett,1997-05-10,aipplettd1@patch.com,Female,Dallas,United States
471,Drusilla Jammet,1996-01-18,djammetd2@bloglovin.com,Female,Pasadena,United States
472,Pail Brockherst,1997-11-17,pbrockherstd3@odnoklassniki.ru,Male,Huntington Beach,United States
473,Stanleigh Danton,1997-12-22,sdantond4@phpbb.com,Male,Florence,United States
474,Gunther Dailly,1996-05-08,gdaillyd5@blogspot.com,Male,San Jose,United States
475,Giles Morsley,1995-11-13,gmorsleyd6@senate.gov,Male,Joliet,United States
476,Abraham Leeves,1998-11-28,aleevesd7@foxnews.com,Male,Boston,United States
477,Darnall Scottesmoor,1997-04-29,dscottesmoord8@hud.gov,Male,Louisville,United States
478,Lauretta Adamthwaite,1996-05-31,ladamthwaited9@examiner.com,Female,Pinellas Park,United States
479,Phil Duckit,1998-01-17,pduckitda@scribd.com,Female,Fort Pierce,United States
480,Korie Magwood,1998-04-05,kmagwooddb@joomla.org,Female,Hyattsville,United States
481,Wallache Tuck,1999-02-04,wtuckdc@forbes.com,Male,Austin,United States
482,Jessika Skitt,1995-11-30,jskittdd@techcrunch.com,Female,Knoxville,United States
483,Orton Robbie,1998-02-20,orobbiede@phpbb.com,Male,Milwaukee,United States
484,Levey O'Doogan,1998-04-01,lodoogandf@nyu.edu,Male,Miami,United States
485,Gael Wethey,2000-04-02,gwetheydg@google.fr,Female,Columbus,United States
486,Mireille Salzburg,2000-09-24,msalzburgdh@netscape.com,Female,Los Angeles,United States
487,Jerrie Gullefant,1995-12-16,jgullefantdi@latimes.com,Female,Chicago,United States
488,Hakim Crosham,1998-04-04,hcroshamdj@blogs.com,Male,Augusta,United States
489,Lammond Manvell,1999-05-24,lmanvelldk@newsvine.com,Male,Reno,United States
490,Netti Jurczak,1995-10-08,njurczakdl@multiply.com,Female,Dallas,United States
491,Culley Wheelhouse,1999-11-10,cwheelhousedm@devhub.com,Male,Fort Worth,United States
492,Dav Habron,1999-05-22,dhabrondn@behance.net,Male,Delray Beach,United States
493,Travus Peotz,1999-04-05,tpeotzdo@ocn.ne.jp,Male,Richmond,United States
494,Ertha Ivantsov,1998-12-28,eivantsovdp@soup.io,Female,Palmdale,United States
495,Leoine Haskew,2000-04-27,lhaskewdq@amazon.de,Female,Huntsville,United States
496,Caresa Duffus,2000-06-25,cduffusdr@123-reg.co.uk,Female,Phoenix,United States
497,Tiena Baynom,1999-01-26,tbaynomds@yolasite.com,Female,San Rafael,United States
498,Micheil Strachan,1996-08-01,mstrachandt@rakuten.co.jp,Male,Hartford,United States
499,Vaughan Martinot,1999-03-11,vmartinotdu@salon.com,Male,Lancaster,United States
500,Karoly Sturr,1998-12-21,ksturrdv@unesco.org,Female,Durham,United States
